[
{"task_type":"Clean", "start_time":0, "priority": 0, "description":{"cleaning_zone":"zone_1"}},
{"task_type":"Clean", "start_time":0, "priority": 0, "description":{"cleaning_zone":"zone_3"}},
{"task_type":"Clean", "start_time":0, "priority": 0, "description":{"cleaning_zone":"zone_4"}},
{"task_type":"Delivery", "start_time":1, "priority":0, "description": {"option": "mop"}},
{"task_type":"Loop", "start_time":0, "priority":0, "description": {"num_loops":10, "start_name":"junction_north_west", "finish_name":"n14"}},
{"task_type":"Loop", "start_time":0, "priority":0, "description": {"num_loops":10, "start_name":"tinyRobot_n09", "finish_name":"s07"}},
{"task_type":"Loop", "start_time":5, "priority":0, "description": {"num_loops":10, "start_name":"tinyRobot_s07", "finish_name":"n12"}}
]
