<?xml version='1.0' ?>

<launch>
  <arg name="use_sim_time" default="false"/>
  <arg name="failover_mode" default="false"/>

  <!-- Common launch -->
  <include file="$(find-pkg-share rmf_demos)/common.launch.xml">
    <arg name="use_sim_time" value="$(var use_sim_time)"/>
    <arg name="viz_config_file" value ="$(find-pkg-share rmf_demos)/include/airport_terminal/airport_terminal.rviz"/>
    <arg name="config_file" value="$(find-pkg-share rmf_demos_maps)/airport_terminal/airport_terminal.building.yaml"/>
    <arg name="dashboard_config_file" value="$(find-pkg-share rmf_demos_dashboard_resources)/airport_terminal/dashboard_config.json"/>
  </include>

  <!-- TinyRobot fleet adapter -->
  <group>
    <include file="$(find-pkg-share rmf_demos_fleet_adapter)/launch/fleet_adapter.launch.xml">
      <arg name="use_sim_time" value="$(var use_sim_time)"/>
      <arg name="nav_graph_file" value="$(find-pkg-share rmf_demos_maps)/maps/airport_terminal/nav_graphs/2.yaml" />
      <arg name="config_file" value="$(find-pkg-share rmf_demos)/config/airport_terminal/tinyRobot_config.yaml"/>
    </include>
  </group>

  <!-- DeliveryRobot fleet adapter -->
  <group>
    <include file="$(find-pkg-share rmf_demos_fleet_adapter)/launch/fleet_adapter.launch.xml">
      <arg name="use_sim_time" value="$(var use_sim_time)"/>
      <arg name="nav_graph_file" value="$(find-pkg-share rmf_demos_maps)/maps/airport_terminal/nav_graphs/1.yaml" />
      <arg name="config_file" value="$(find-pkg-share rmf_demos)/config/airport_terminal/deliveryRobot_config.yaml"/>
    </include>
  </group>

  <!-- Caddy fleet adapter and robot state aggregator needed for read_only plugin -->
  <group>
    <let name="fleet_name" value="caddy"/>
    <include file="$(find-pkg-share rmf_demos)/include/adapters/caddy_adapter.launch.xml">
      <arg name="use_sim_time" value="$(var use_sim_time)"/>
      <arg name="fleet_name" value="$(var fleet_name)"/>
    </include>
    <include file="$(find-pkg-share rmf_fleet_adapter)/robot_state_aggregator.launch.xml">
      <arg name="robot_prefix" value="$(var fleet_name)"/>
      <arg name="fleet_name" value="$(var fleet_name)"/>
      <arg name="use_sim_time" value="$(var use_sim_time)"/>
      <arg name="failover_mode" value="$(var failover_mode)"/>
    </include>
  </group>

  <!-- cleanerBotA fleet adapter -->
  <group>
    <include file="$(find-pkg-share rmf_demos_fleet_adapter)/launch/fleet_adapter.launch.xml">
      <arg name="use_sim_time" value="$(var use_sim_time)"/>
      <arg name="nav_graph_file" value="$(find-pkg-share rmf_demos_maps)/maps/airport_terminal/nav_graphs/0.yaml" />
      <arg name="config_file" value="$(find-pkg-share rmf_demos)/config/airport_terminal/cleanerBotA_config.yaml"/>
    </include>
  </group>

    <param name="use_sim_time" value="$(var use_sim_time)"/>
  </node>

  <!-- cleanerBotE fleet adapter -->
  <group>
    <include file="$(find-pkg-share rmf_demos_fleet_adapter)/launch/fleet_adapter.launch.xml">
      <arg name="use_sim_time" value="$(var use_sim_time)"/>
      <arg name="nav_graph_file" value="$(find-pkg-share rmf_demos_maps)/maps/airport_terminal/nav_graphs/4.yaml" />
      <arg name="config_file" value="$(find-pkg-share rmf_demos)/config/airport_terminal/cleanerBotE_config.yaml"/>
    </include>
  </group>

</launch>
