<?xml version='1.0' ?>

<launch>
  <arg name="use_sim_time" default="false"/>
  <arg name="failover_mode" default="false"/>

  <!-- Common launch -->
  <include file="$(find-pkg-share rmf_demos)/common.launch.xml">
    <arg name="use_sim_time" value="$(var use_sim_time)"/>
    <arg name="viz_config_file" value ="$(find-pkg-share rmf_demos)/include/campus/campus.rviz"/>
    <arg name="config_file" value="$(find-pkg-share rmf_demos_maps)/campus/campus.building.yaml"/>
  </include>

  <group>
    <include file="$(find-pkg-share rmf_demos_fleet_adapter)/launch/fleet_adapter.launch.xml">
      <arg name="use_sim_time" value="$(var use_sim_time)"/>
      <arg name="nav_graph_file" value="$(find-pkg-share rmf_demos_maps)/maps/campus/nav_graphs/0.yaml" />
      <arg name="config_file" value="$(find-pkg-share rmf_demos)/config/campus/deliveryRobot_config.yaml"/>
    </include>
  </group>

  <executable cmd="ros2 run rmf_demos_bridges fleet_socketio_bridge -f deliveryRobot -g /gps -y 31500 -x 22000" output="both">
    <env name="FLASK_ENV" value="development"/>
  </executable>

</launch>
