<?xml version='1.0' ?>

<launch>

  <arg name="use_sim_time" default="false" description="Use the /clock topic for time to sync with simulation"/>
  <arg name="viz_config_file" default="$(find-pkg-share rmf_visualization_schedule)/config/rmf.rviz"/>
  <arg name="config_file" description="Building description file required by rmf_building_map_tools"/>
  <arg name="dashboard_config_file" default="" description="Path to dashboard config for web rmf panel file"/>
  <arg name="initial_map" default="L1" description="Initial map name for the visualizer"/>
  <arg name="headless" default="false" description="do not launch rviz; launch gazebo in headless mode"/>
  <arg name="bidding_time_window" description="Time window in seconds for task bidding process" default="2.0"/>
  <arg name="use_rmf_panel" default="true" description="launch web and api server for rmf_demos_panel"/>

  <!-- Traffic Schedule  -->
  <node pkg="rmf_traffic_ros2" exec="rmf_traffic_schedule" output="both" name="rmf_traffic_schedule_primary">
    <param name="use_sim_time" value="$(var use_sim_time)"/>
  </node>

  <!-- Blockade Moderator -->
  <node pkg="rmf_traffic_ros2" exec="rmf_traffic_blockade" output="both">
    <param name="use_sim_time" value="$(var use_sim_time)"/>
  </node>

  <!-- Building Map  -->
  <group>
    <node pkg="rmf_building_map_tools" exec="building_map_server" args="$(var config_file)">
      <param name="use_sim_time" value="$(var use_sim_time)"/>
    </node>
  </group>

  <!-- Visualizer -->
  <group>
    <include file="$(find-pkg-share rmf_visualization)/visualization.launch.xml">
      <arg name="use_sim_time" value="$(var use_sim_time)"/>
      <arg name="map_name" value="$(var initial_map)"/>
      <arg name="viz_config_file" value ="$(var viz_config_file)"/>
      <arg name="headless" value="$(var headless)"/>
    </include>
  </group>

  <!-- Door Supervisor -->
  <group>
    <node pkg="rmf_fleet_adapter" exec="door_supervisor">
      <param name="use_sim_time" value="$(var use_sim_time)"/>
    </node>
  </group>

  <!-- Lift Supervisor -->
  <group>
    <node pkg="rmf_fleet_adapter" exec="lift_supervisor">
      <param name="use_sim_time" value="$(var use_sim_time)"/>
    </node>
  </group>

  <!-- Dispatcher Node -->
  <group>
    <node pkg="rmf_task_ros2" exec="rmf_task_dispatcher"  output="screen">
      <param name="use_sim_time" value="$(var use_sim_time)"/>
      <param name="bidding_time_window" value="$(var bidding_time_window)"/>
    </node>
  </group>

  <group if="$(var use_rmf_panel)">
    <include file="$(find-pkg-share rmf_demos)/dashboard.launch.xml">
      <arg name="use_sim_time" value="$(var use_sim_time)"/>
      <arg name="dashboard_config_file" value ="$(var dashboard_config_file)"/>
    </include>
  </group>

</launch>
