<?xml version='1.0' ?>

<launch>
  <arg name="use_sim_time" default="false"/>

  <!-- Common launch -->
  <include file="$(find-pkg-share rmf_demos)/common.launch.xml">
    <arg name="use_sim_time" value="$(var use_sim_time)"/>
    <arg name="viz_config_file" value ="$(find-pkg-share rmf_demos)/include/gl/gl_with_map.rviz"/>
    <arg name="config_file" value="$(find-pkg-share rmf_demos_maps)/gl/gl.building.yaml"/>
    <arg name="dashboard_config_file" value="$(find-pkg-share rmf_demos_dashboard_resources)/gl/dashboard_config.json"/>
  </include>

  <!-- TinyRobot fleet adapter -->
  <group>
    <include file="$(find-pkg-share rmf_demos_fleet_adapter)/launch/fleet_adapter.launch.xml">
      <arg name="use_sim_time" value="$(var use_sim_time)"/>
      <arg name="nav_graph_file" value="$(find-pkg-share rmf_demos_maps)/maps/gl/nav_graphs/0.yaml" />
      <arg name="config_file" value="$(find-pkg-share rmf_demos)/config/gl/gl_deliveryRobot_config.yaml"/>
    </include>
  </group>

</launch>
