<?xml version='1.0' ?>

<launch>
  <arg name="use_sim_time" default="false"/>

  <!-- Common launch -->
  <include file="$(find-pkg-share rmf_demos)/common.launch.xml">
    <arg name="use_sim_time" value="$(var use_sim_time)"/>
    <arg name="viz_config_file" value ="$(find-pkg-share rmf_demos)/include/triple_H/rviz.rviz"/>
    <arg name="config_file" value="$(find-pkg-share rmf_demos_maps)/triple_H/triple_H.building.yaml"/>
  </include>

  <!-- TinyRobot fleet adapter and robot state aggregator needed for the TinyRobot slotcar_plugin -->
  <group>
    <let name="fleet_name" value="tinyRobot"/>
    <include file="$(find-pkg-share rmf_demos)/include/adapters/tinyRobot_mock_traffic_light.launch.xml">
      <arg name="fleet_name" value="$(var fleet_name)"/>
      <arg name="use_sim_time" value="$(var use_sim_time)"/>
      <arg name="nav_graph_file" value="$(find-pkg-share rmf_demos_maps)/maps/triple_H/nav_graphs/0.yaml" />
    </include>
    <include file="$(find-pkg-share rmf_fleet_adapter)/robot_state_aggregator.launch.xml">
      <arg name="robot_prefix" value="tinyRobot"/>
      <arg name="fleet_name" value="$(var fleet_name)"/>
      <arg name="use_sim_time" value="$(var use_sim_time)"/>
    </include>
  </group>

</launch>
