<?xml version='1.0' ?>

<launch>
  <arg name="gazebo_version" default="11"/>
  <arg name="use_sim_time" default="true"/>
  <arg name="use_traffic_light" default="false"/>

  <!-- Common launch -->
  <include file="$(find-pkg-share rmf_demos)/battle_royale.launch.xml">
    <arg name="use_traffic_light" value="$(var use_traffic_light)"/>
    <arg name="use_sim_time" value="$(var use_sim_time)"/>
  </include>

  <!-- Simulation launch -->
  <include file="$(find-pkg-share rmf_demos_gz_classic)/simulation.launch.xml">
    <arg name="map_name" value="battle_royale" />
    <arg name="gazebo_version" value="$(var gazebo_version)" />
  </include>

</launch>
