<?xml version='1.0' ?>

<launch>
  <arg name="gazebo_version" default="11"/>
  <arg name="use_sim_time" default="true"/>

  <!-- Common launch -->
  <include file="$(find-pkg-share rmf_demos)/triple_H.launch.xml">
    <arg name="use_sim_time" value="$(var use_sim_time)"/>
  </include>

  <!-- Simulation launch -->
  <include file="$(find-pkg-share rmf_demos_gz_classic)/simulation.launch.xml">
    <arg name="map_name" value="triple_H" />
    <arg name="gazebo_version" value="$(var gazebo_version)" />
  </include>

</launch>
