<?xml version='1.0' ?>

<launch>
  <arg name="use_sim_time" default="true"/>
  <arg name="use_tpe" default="false"/>
  <arg name="ignition_version" default='6'/>
  <arg name="use_traffic_light" default="false"/>

  <!-- Common launch -->
  <include file="$(find-pkg-share rmf_demos)/battle_royale.launch.xml">
    <arg name="use_traffic_light" value="$(var use_traffic_light)"/>
    <arg name="use_sim_time" value="$(var use_sim_time)"/>
    <arg name="use_tpe" value="$(var use_tpe)"/>
  </include>

  <!-- Simulation launch -->
  <include file="$(find-pkg-share rmf_demos_gz)/simulation.launch.xml">
    <arg name="map_name" value="battle_royale" />
    <arg name="ignition_version" value="$(var ignition_version)" />
  </include>

</launch>
