<?xml version='1.0' ?>

<launch>
  <arg name="use_sim_time" default="true"/>
  <arg name="failover_mode" default="false"/>
  <arg name="use_tpe" default="false"/>
  <arg name="ignition_version" default='6'/>

  <!-- Common launch -->
  <include file="$(find-pkg-share rmf_demos)/clinic.launch.xml">
    <arg name="use_sim_time" value="true"/>
    <arg name="failover_mode" value="$(var failover_mode)"/>
    <arg name="use_tpe" value="$(var use_tpe)"/>
  </include>

  <!-- Simulation launch -->
  <include file="$(find-pkg-share rmf_demos_gz)/simulation.launch.xml">
    <arg name="map_name" value="clinic" />
    <arg name="ignition_version" value="$(var ignition_version)" />
  </include>

</launch>
